Name,Address,Housing,EVENT_0,EVENT_1,EVENT_2,EVENT_3,EVENT_4,EVENT_5,EVENT_6,EVENT_7,EVENT_8,EVENT_9,EVENT_10
The Speak Easy,"5255 Winthrop Ave #110, Indianapolis, IN 46220",291.4285714285714,405.55102040816337,307.5428571428572,236.57142857142858,168.9795918367347,168.9795918367347,549.1836734693878,449.4857142857143,456.2448979591838,695.5200000000001,1407.6,608.3265306122449
zWORKS,"85 E Cedar St #1502, Zionsville, IN 46077",428.57142857142856,757.0285714285715,425.8285714285715,686.0571428571429,709.7142857142857,709.7142857142857,1225.1020408163267,189.25714285714287,821.2408163265308,331.20000000000005,1821.6,540.734693877551
Launch Fishers,"12175 Visionary Way, Fishers, IN 46038",497.1428571428571,757.0285714285715,378.51428571428573,520.4571428571429,709.7142857142857,709.7142857142857,1098.3673469387757,473.14285714285717,821.2408163265308,761.7600000000002,2732.4,709.7142857142857
Industrious Mass Ave,"350 Massachusetts Ave Suite 300, Indianapolis, IN 46204",120.0,108.14693877551022,591.4285714285714,260.22857142857146,540.734693877551,540.734693877551,168.9795918367347,520.4571428571429,91.24897959183676,960.4800000000002,910.8,912.4897959183673
Launch Indy,"525 S Meridian St, Indianapolis, IN 46225",137.14285714285714,27.036734693877555,662.4000000000001,331.20000000000005,675.9183673469388,675.9183673469388,380.20408163265313,567.7714285714286,91.24897959183676,1026.7200000000003,1076.3999999999999,1013.8775510204082
